100469-131,מצעי פרקל
100469-131,סבונים ריחניים
100470-131,סבונים ריחניים
100476-131,מגיני מזרון וכרית
100478-131,שטיחון רצפה
100480-131,מגבות חלקות יוקרתיות
100480-131,שמיכות חורף
100482-131,שמיכות חורף
100489-131,כריות שינה סינטטיות
100492-131,מצעי ג'רסי
100492-131,מצעי כותנה לילדים
100492-131,מצעי פלנל
100497-131,מצעי מיקס ג'רסי
100497-131,שמיכות חורף
100498-131,מצעי פרקל
100501-131,שמיכות חורף
100501-131,שמיכות חורף לתינוקות
100501-131,שמיכות פוך סינטטי לתינוקות
100505-131,מצעי פלנל
100506-131,מגבות חלקות בייסיק
100514-131,טקסטיל מטבח
100514-131,מגבות ג'אקרד
100514-131,מגבות מטבח ג'אקרד
100520-131,מגבות חלקות
100522-131,שטיחון אמבט
100523-131,כריות נוי
100524-131,כריות שינה סינטטיות
100525-131,כריות שינה אורטופדיות
100525-131,מצעי כותנה
100527-131,מצעי פלנל
100529-131,מצעי ג'רסי
100529-131,סבונים ריחניים
100531-131,שמיכות פוך
100533-131,אביזרי אמבט
100534-131,חלוקי רחצה קלאסיק
100534-131,מגבות ג'אקרד
100536-131,מגבות ג'אקרד
100536-131,מגבות חלקות
100543-131,חלוקי רחצה לילדים
100546-131,כריות שינה אורטופדיות
100546-131,שמיכות חורף
100550-131,מגבות חלקות בייסיק
100551-131,שמיכות חורף
100555-131,מצעי כותנה
100557-131,מגבות חלקות יוקרתיות
100558-131,מגבות ג'אקרד
100559-131,מצעי כותנה
100559-131,מצעי פלנל
100560-131,שמיכות חורף
100562-131,חלוקי רחצה קלאסיק
100564-131,מגבות
100568-131,כריות שינה סינטטיות
100568-131,שמיכות חורף
100570-131,חלוקי רחצה קלאסיק
100572-131,מצעי ג'רסי
100573-131,מצעי כותנה
100573-131,מצעי סאטן
100573-131,מצעי פרקל
100573-131,שמיכות חורף
100574-131,כריות שינה אורטופדיות
100574-131,מגבות חלקות
100574-131,מצעי מיקס ג'רסי
100574-131,מצעי מיקס מעוצבים ג'רסי
100574-131,שמיכות חורף
100575-131,שמיכות חורף
100578-131,אביזרי אמבט
100578-131,מצעי פלנל
100578-131,שטיחון אמבט
100579-131,מצעי פלנל
100580-131,שמיכות חורף
100581-131,שמיכות חורף
100583-131,שמיכות חורף
100587-131,שמיכות חורף
100588-131,סבונים ריחניים
100590-131,טקסטיל מטבח
100590-131,מצעי פלנל
100591-131,מצעי פרקל
100592-131,חלוקי רחצה פרימיום
100593-131,שמיכות חורף
100594-131,מצעי כותנה
100595-131,כריות שינה סינטטיות
100597-131,כריות ילדים ותינוקות
100597-131,מגבות חלקות יוקרתיות
100598-131,סבונים ריחניים
100598-131,שמיכות פוך סינטטי
100600-131,מצעי כותנה
100600-131,מצעי פרקל
100601-131,מגבות חלקות בייסיק
100601-131,שמיכות פוך סינטטי
100604-131,מצעי סאטן
100605-131,מצעי פלנל
100608-131,מגבות חלקות בייסיק
100614-131,מצעי כותנה
100614-131,מצעי סאטן
100614-131,מצעי פלנל
100615-131,מגבות ג'אקרד
100615-131,מצעי סאטן
100617-131,מצעי פלנל
100618-131,שמיכות חורף
100622-131,כריות שינה אורטופדיות
100623-131,מצעי מיקס ג'רסי
100623-131,מצעי מיקס מעוצבים ג'רסי
100624-131,כריות שינה אורטופדיות
100624-131,כריות שינה סינטטיות
100624-131,מצעי פלנל
100624-131,מצעי פרקל
100626-131,מצעי ג'רסי
100626-131,מצעי כותנה לילדים
100626-131,מצעי פלנל
100626-131,מצעי פלנל לילדים
100627-131,מצעי פלנל לילדים
100630-131,מגבות חלקות יוקרתיות
100630-131,מצעי פלנל
100633-131,מצעי מיקס ג'רסי
100633-131,מצעי פלנל
100635-131,מצעי פלנל
100638-131,מצעי מיקס ג'רסי
100640-131,מגבות ג'אקרד
100640-131,מצעי סאטן
100640-131,מצעי פרקל
100642-131,כריות שינה סינטטיות
100642-131,מבשמי אריגים
100642-131,שמיכות פוך סינטטי
100643-131,מצעי פלנל
100659-131,שמיכות פוך סינטטי
100663-131,כריות ילדים ותינוקות
100663-131,מגבות ג'אקרד
100663-131,מצעי ג'רסי לתינוקות
100663-131,שמיכות חורף לתינוקות
100663-131,שמיכות פוך סינטטי לתינוקות
100665-131,כריות שינה אורטופדיות
100665-131,כריות שינה סינטטיות
100665-131,שטיחון אמבט
100670-131,מצעי פלנל
100675-131,כריות שינה סינטטיות
100675-131,מגבות מטבח
100676-131,מצעי מיקס ג'רסי
100677-131,מצעי מיקס ג'רסי
100682-131,שמיכות חורף
100686-131,טקסטיל מטבח
100686-131,כריות ילדים ותינוקות
100686-131,מגיני מזרון וכרית
100686-131,מצעי ג'רסי לילדים
100686-131,מצעי כותנה לילדים
100688-131,מגבות חלקות בייסיק
100688-131,מגבות חלקות יוקרתיות
100690-131,מגבות חלקות יוקרתיות
100691-131,מצעי כותנה לילדים
100691-131,שמיכות פוך סינטטי